<?xml version="1.0" encoding="UTF-8"?>
<project-private xmlns="http://www.netbeans.org/ns/project-private/1">
    <editor-bookmarks xmlns="http://www.netbeans.org/ns/editor-bookmarks/2" lastBookmarkId="0"/>
    <open-files xmlns="http://www.netbeans.org/ns/projectui-open-files/2">
        <group>
            <file>file:/C:/Users/Ankita/Documents/NetBeansProjects/myMtaphone1/src/java/myMetaphone/Input.java</file>
            <file>file:/C:/Users/Ankita/Documents/NetBeansProjects/myMtaphone1/web/index.html</file>
            <file>file:/C:/Users/Ankita/Documents/NetBeansProjects/myMtaphone1/src/java/myMetaphone/newparse.java</file>
            <file>file:/C:/Users/Ankita/Documents/NetBeansProjects/myMtaphone1/src/java/myMetaphone/demo.java</file>
            <file>file:/C:/Users/Ankita/Documents/NetBeansProjects/myMtaphone1/src/java/myMetaphone/parse.java</file>
            <file>file:/C:/Users/Ankita/Documents/NetBeansProjects/myMtaphone1/src/java/myMetaphone/newparse1.java</file>
        </group>
    </open-files>
</project-private>
